,PDE4DIP,NTRK1,SESN2,ARHGAP5,DNAJC17,USP32,ANAPC1,RETSAT,ST13,DLEC1,FRG1,DMXL1,FAM115C,MLL3,ABCB5,ASNS,PABPC1,TOP1MT
cell1,,,mutated,,mutated,,,,WT,,WT,mutated,,,mutated,WT,WT,
cell2,,mutated,mutated,WT,mutated,,WT,,WT,mutated,WT,,,WT,,WT,WT,mutated
cell3,,,mutated,,,,,,mutated,,WT,,,WT,mutated,,mutated,
cell4,,mutated,mutated,,mutated,,mutated,WT,mutated,mutated,WT,mutated,,WT,WT,WT,,
cell5,,,mutated,,WT,,WT,,,,WT,,,mutated,mutated,WT,WT,
cell6,WT,mutated,,,,,,,WT,,WT,,WT,,,WT,,WT
cell7,,WT,mutated,mutated,,,,WT,WT,,WT,,,,,WT,WT,
cell8,,mutated,,WT,,WT,mutated,,mutated,WT,,,,WT,,,,
cell9,,mutated,mutated,mutated,,WT,mutated,WT,,mutated,,mutated,,,WT,WT,WT,
cell10,,,,mutated,,WT,WT,,,mutated,,,,WT,WT,WT,WT,
cell11,,,,,,,mutated,WT,mutated,mutated,WT,WT,,,,mutated,WT,
cell12,,mutated,,,,,mutated,WT,,,,WT,WT,WT,,mutated,,
cell13,,,WT,,mutated,,WT,,,,,mutated,,WT,mutated,WT,,
cell14,,,mutated,,mutated,,,,,,mutated,,,WT,,WT,WT,
cell15,mutated,mutated,WT,,mutated,WT,mutated,WT,mutated,mutated,WT,mutated,,mutated,mutated,,WT,
cell16,,,mutated,WT,,,,,WT,,,,,WT,,WT,WT,WT
cell17,,,,,,,WT,WT,mutated,,,mutated,,mutated,,mutated,,mutated
cell18,,mutated,mutated,mutated,,,,,mutated,mutated,,,,mutated,mutated,mutated,WT,mutated
cell19,WT,,mutated,,,,,WT,,,WT,mutated,,WT,,mutated,WT,mutated
cell20,,,,,,,WT,,WT,,WT,,,,,,,
cell21,WT,WT,WT,WT,mutated,,WT,WT,WT,,WT,WT,,WT,,WT,mutated,
cell22,,WT,mutated,,mutated,mutated,WT,,mutated,,,,mutated,WT,,mutated,WT,mutated
cell23,mutated,,WT,WT,,WT,WT,WT,,mutated,WT,,WT,WT,mutated,WT,,
cell24,WT,,mutated,WT,mutated,mutated,mutated,WT,mutated,mutated,mutated,,WT,,,,WT,mutated
cell25,,mutated,mutated,,mutated,WT,,,,mutated,WT,,,,,WT,WT,
cell26,,,mutated,mutated,mutated,WT,WT,mutated,,,WT,mutated,,WT,,,WT,mutated
cell27,mutated,,,,,mutated,mutated,mutated,,,WT,mutated,,,mutated,WT,WT,
cell28,,mutated,WT,WT,,WT,WT,WT,WT,,WT,,,mutated,,mutated,WT,mutated
cell29,,mutated,WT,,mutated,mutated,mutated,mutated,mutated,,WT,mutated,,mutated,,,WT,
cell30,,WT,WT,,WT,WT,,WT,,mutated,,,,mutated,,WT,WT,mutated
cell31,mutated,,mutated,WT,mutated,mutated,WT,,mutated,,WT,mutated,mutated,,mutated,,,mutated
cell32,mutated,mutated,,,,WT,WT,WT,,,WT,,WT,WT,,WT,WT,
cell33,,,,WT,mutated,WT,,WT,mutated,mutated,WT,mutated,,mutated,mutated,mutated,WT,WT
cell34,WT,mutated,mutated,,,WT,,mutated,mutated,,mutated,WT,,WT,mutated,,,
cell35,,,WT,,mutated,,WT,WT,mutated,,mutated,WT,,,,,WT,
cell36,,,mutated,WT,mutated,mutated,WT,WT,mutated,mutated,WT,mutated,,WT,mutated,WT,WT,
cell37,,WT,,,mutated,WT,mutated,mutated,mutated,,,,,,WT,,WT,
cell38,WT,,,WT,,,mutated,WT,,,,WT,,WT,,WT,WT,
cell39,WT,mutated,,mutated,mutated,WT,,WT,WT,,WT,mutated,,WT,WT,WT,WT,mutated
cell40,,mutated,mutated,WT,mutated,,WT,WT,mutated,,WT,,,,,WT,,
cell41,WT,,WT,WT,,,,,,,WT,,,WT,,,,mutated
cell42,mutated,WT,mutated,WT,mutated,,WT,WT,WT,mutated,WT,,WT,WT,mutated,WT,WT,
cell43,WT,WT,mutated,,WT,,WT,mutated,,mutated,WT,,,,WT,WT,,mutated
cell44,WT,mutated,mutated,WT,mutated,,,mutated,WT,WT,WT,mutated,mutated,,,mutated,WT,
cell45,,mutated,,WT,WT,WT,,,mutated,mutated,WT,,,WT,mutated,WT,,
cell46,,,,WT,,,WT,,WT,,WT,,,,mutated,WT,WT,
cell47,WT,WT,mutated,mutated,mutated,,,mutated,mutated,,WT,,,WT,WT,mutated,WT,mutated
cell48,WT,mutated,mutated,mutated,mutated,WT,mutated,WT,WT,,mutated,,,WT,,WT,mutated,mutated
cell49,mutated,,mutated,,,mutated,WT,WT,mutated,,mutated,WT,,WT,mutated,WT,WT,
cell50,,WT,mutated,WT,mutated,,,,mutated,,WT,,WT,WT,,WT,WT,
cell51,WT,,mutated,WT,,WT,WT,WT,mutated,,,,,,,WT,,
cell52,,,WT,,WT,mutated,WT,WT,WT,,mutated,WT,mutated,WT,mutated,WT,WT,
cell53,WT,,mutated,mutated,WT,mutated,mutated,,mutated,mutated,,mutated,,WT,mutated,mutated,,
cell54,,WT,WT,,,mutated,,,mutated,,WT,,,WT,,WT,,mutated
cell55,,,mutated,WT,,,,mutated,mutated,WT,,mutated,,,,WT,WT,mutated
cell56,,WT,mutated,mutated,mutated,WT,,mutated,WT,mutated,WT,,,mutated,,,mutated,
cell57,mutated,WT,mutated,WT,,WT,WT,WT,,,WT,WT,,,,,,WT
cell58,mutated,mutated,mutated,mutated,mutated,WT,,WT,mutated,,WT,mutated,,,WT,mutated,WT,
